{
    "dashboard": {
      "id": null,
      "title": "Server Metrics",
      "tags": ["server"],
      "timezone": "browser",
      "rows": [
        {
          "title": "Memory Usage",
          "panels": [
            {
              "title": "Memory Usage",
              "type": "graph",
              "datasource": "InfluxDB",
              "targets": [
                {
                  "measurement": "server_metrics",
                  "tags": {
                    "host": "srvweb1"  /* Substitua pelo nome do seu servidor */
                  },
                  "field": "memory_usage",
                  "alias": "Memory Usage (%)",
                  "groupBy": [],
                  "type": "timeseries",
                  "format": "percent"
                }
              ]
            }
          ]
        },
        {
          "title": "CPU Usage",
          "panels": [
            {
              "title": "CPU Usage",
              "type": "graph",
              "datasource": "InfluxDB",
              "targets": [
                {
                  "measurement": "server_metrics",
                  "tags": {
                    "host": "srvweb1"  /* Substitua pelo nome do seu servidor */
                  },
                  "field": "cpu_usage",
                  "alias": "CPU Usage (%)",
                  "groupBy": [],
                  "type": "timeseries",
                  "format": "percent"
                }
              ]
            }
          ]
        }
      ],
      "schemaVersion": 26,
      "version": 0,
      "links": [],
      "time": {
        "from": "now-1h",
        "to": "now"
      }
    },
    "overwrite": false
  }
  